,date,newCases,previsao,erro_relativo,newCases_7d,erro_medio
0,2022-01-01,89,,,,
1,2022-01-02,19,,,,
2,2022-01-03,21,,,,
3,2022-01-04,86,,,,
4,2022-01-05,163,,,,
5,2022-01-06,232,,,,
6,2022-01-07,239,,,121.28571428571429,
7,2022-01-08,317,,,153.85714285714286,
8,2022-01-09,184,,,177.42857142857142,
9,2022-01-10,100,,,188.71428571428572,
10,2022-01-11,235,,,210.0,
11,2022-01-12,316,,,231.85714285714286,
12,2022-01-13,747,,,305.42857142857144,
13,2022-01-14,612,,,358.7142857142857,
14,2022-01-15,253,,,349.57142857142856,
15,2022-01-16,83,,,335.14285714285717,
16,2022-01-17,177,,,346.14285714285717,
17,2022-01-18,495,,,383.2857142857143,
18,2022-01-19,542,,,415.57142857142856,
19,2022-01-20,688,,,407.14285714285717,
20,2022-01-21,679,,,416.7142857142857,
21,2022-01-22,988,750.3053359683794,0.24058164375670102,521.7142857142857,
22,2022-01-23,368,658.7529644268776,0.7900895772469501,562.4285714285714,
23,2022-01-24,345,577.9871541501968,0.6753250844933242,586.4285714285714,
24,2022-01-25,539,578.7035573122522,0.07366151634926196,592.7142857142857,
25,2022-01-26,625,604.9100790513827,0.03214387351778769,604.5714285714286,
26,2022-01-27,775,671.1225296442699,0.13403544562029693,617.0,
27,2022-01-28,883,753.8517786561277,0.14626072632375114,646.1428571428571,
28,2022-01-29,953,841.6571146245049,0.1168340874874031,641.1428571428571,
29,2022-01-30,521,751.3241106719364,0.4420808266255977,663.0,
30,2022-01-31,228,585.5810276679837,1.5683378406490511,646.2857142857143,
31,2022-02-01,1177,982.15125544371,0.16554693675130835,737.4285714285714,
32,2022-02-02,1219,1082.773312877394,0.11175281962477941,822.2857142857143,
33,2022-02-03,883,1000.4667931085881,0.13303147577416552,837.7142857142857,
34,2022-02-04,1155,968.3428110698455,0.1616079557836835,876.5714285714286,
35,2022-02-05,1016,917.9329149114614,0.09652272154383724,885.5714285714286,
36,2022-02-06,196,802.3762334361262,3.0937562930414604,839.1428571428571,
37,2022-02-07,305,741.3070646961729,1.4305149662169603,850.1428571428571,
38,2022-02-08,879,754.417586048617,0.14173198401750062,807.5714285714286,
39,2022-02-09,756,736.2793411595438,0.02608552756674096,741.4285714285714,
40,2022-02-10,829,729.2215653740482,0.12035999351743285,733.7142857142857,
41,2022-02-11,877,717.5906881918293,0.18176660411421977,694.0,
42,2022-02-12,895,715.0421687896797,0.20107020246963156,676.7142857142857,335.29427029914575
43,2022-02-13,448,614.3479618193094,0.3713124147752441,712.7142857142857,339.73318714911227
44,2022-02-14,426,586.2592534000137,0.37619543051646404,730.0,337.8731490015807
45,2022-02-15,921,637.356682106899,0.30797320075255263,736.0,326.7316276557906
46,2022-02-16,31,549.4501593479251,16.724198688642748,632.4285714285714,359.492657609867
47,2022-02-17,2179,740.8219018854041,0.6600174842196401,825.2857142857143,467.15694342980777
48,2022-02-18,1215,782.9122419162964,0.3556277844310318,873.5714285714286,475.83874539211007
49,2022-02-19,1228,810.5882795980326,0.33991182443156953,921.1428571428571,484.8081751005311
50,2022-02-20,234,713.1387167955475,2.047601353827126,890.5714285714286,497.1627002932322
51,2022-02-21,308,645.0311421473702,1.0942569550239294,873.7142857142857,504.9107843624487
52,2022-02-22,921,895.4426877470355,0.027749524704630286,873.7142857142857,490.5788241152955
53,2022-02-23,1746,1196.2628458498048,0.3148551856530328,1118.7142857142858,529.8031836739304
54,2022-02-24,2645,1726.23221343874,0.3473602217622911,1185.2857142857142,676.5499600731922
55,2022-02-25,1250,1696.0592885375495,0.3568474308300396,1190.2857142857142,701.7712444326221
56,2022-02-26,3291,2309.4357707509853,0.29825713438134754,1485.0,913.1766824892528
57,2022-02-27,456,1814.368577075098,2.978878458498022,1516.7142857142858,934.0502426608775
58,2022-02-28,498,1481.0345849802384,1.9739650300808,1543.857142857143,929.3396444659036
59,2022-03-01,1180,1021.8295138811364,0.13404278484649454,1580.857142857143,916.6438319716549
60,2022-03-02,1006,981.9339768827265,0.023922488188144648,1475.142857142857,914.1401822071211
61,2022-03-03,1107,989.1627299901297,0.10644739838289999,1255.4285714285713,910.1634585931463
62,2022-03-04,1265,1004.0965134301439,0.20624781547024199,1257.5714285714287,907.6759059899679
63,2022-03-05,1478,1029.3940388324136,0.30352230119593127,998.5714285714286,908.246699816177
64,2022-03-06,243,910.6927056705514,2.7477066076977423,968.1428571428571,920.8609612066641
65,2022-03-07,180,844.9776646089371,3.694320358938539,922.7142857142857,926.5879438816588
66,2022-03-08,736,857.1521427137633,0.1646088895567436,859.2857142857143,914.2112787432561
67,2022-03-09,888,850.6351160772406,0.042077571985089435,842.4285714285714,910.7638808352532
68,2022-03-10,1042,975.3260098357445,0.06398655486013008,833.1428571428571,874.3636325235783
69,2022-03-11,936,848.1419017554097,0.09386548957755378,786.1428571428571,842.840720256609
70,2022-03-12,1009,844.4805452467901,0.16305198687136754,719.1428571428571,841.9325790836875
71,2022-03-13,384,762.9156640503602,0.986759541797813,739.2857142857143,856.3565726067077
72,2022-03-14,28,752.2714129012686,25.866836175045307,717.5714285714286,866.379933955256
73,2022-03-15,679,829.4685654577016,0.22160318918660032,709.4285714285714,851.2650358904511
74,2022-03-16,964,892.9231562676099,0.0737311656975001,720.2857142857143,850.8797687595057
75,2022-03-17,1168,919.9610608109771,0.21236210547005388,738.2857142857143,839.8051050950681
76,2022-03-18,872,848.6605180385462,0.02676546096496992,729.1428571428571,756.5625026180238
77,2022-03-19,739,862.853760020426,0.16759642763251145,690.5714285714286,740.4018595531746
78,2022-03-20,239,590.6973377733875,1.4715369781313286,669.8571428571429,488.63532568641756
79,2022-03-21,116,533.9240005305346,3.6027931080218503,682.4285714285714,459.66706958583
80,2022-03-22,658,547.1610671936751,0.16844822614942997,679.4285714285714,431.1714579896065
81,2022-03-23,653,569.3468379446654,0.1281059143266993,635.0,425.0164918093757
82,2022-03-24,811,657.0434782608727,0.18983541521470693,584.0,420.4455197498944
83,2022-03-25,620,649.053359683794,0.04686025755450652,548.0,413.9563178176969
84,2022-03-26,840,684.4772727272721,0.1851461038961047,562.4285714285714,396.51497442001624
85,2022-03-27,13,373.43577075099046,27.72582851930696,530.1428571428571,397.5691143007804
86,2022-03-28,230,309.81916996047306,0.3470398693933611,546.4285714285714,399.5193256600749
87,2022-03-29,736,470.9476284584998,0.3601255048118209,557.5714285714286,381.861035064876
88,2022-03-30,545,505.3448616600814,0.0727617217246213,542.1428571428571,381.8961541497344
89,2022-03-31,571,530.5849802371545,0.07077936911181354,507.85714285714283,378.23690305247385
90,2022-04-01,428,513.2296209740488,0.19913462844403917,480.42857142857144,366.0652197465797
91,2022-04-02,535,504.6418593506579,0.056744188129611385,436.85714285714283,358.20880331238857
92,2022-04-03,183,406.7320586475147,1.2225795554509,461.14285714285717,358.7472366398607
93,2022-04-04,123,388.67986865985085,2.1599989321939095,445.85714285714283,368.862664307554
94,2022-04-05,385,452.28788599800174,0.17477372986493958,395.7142857142857,348.804535164032
95,2022-04-06,677,509.0745923711024,0.2480434381519905,414.57142857142856,343.7776364778459
96,2022-04-07,420,504.23391439035305,0.2005569390246501,393.0,326.25453984787083
97,2022-04-08,442,467.53402941666525,0.057769297322772056,395.0,286.4144022193343
98,2022-04-09,333,429.6205451301915,0.2901517871777522,366.14285714285717,269.16982578219597
99,2022-04-10,103,366.1265435938614,2.554626636833606,354.7142857142857,265.16486402596854
100,2022-04-11,316,385.18544579055515,0.21894128414732641,382.2857142857143,260.61452652763853
101,2022-04-12,305,420.6763900943872,0.37926685276848265,370.85714285714283,250.73091059901625
102,2022-04-13,532,425.88979602244194,0.19945527063450763,350.14285714285717,247.2666678213572
103,2022-04-14,292,396.54727271115706,0.3580386051751954,331.85714285714283,245.94137325400692
104,2022-04-15,197,342.13061346578456,0.7367036216537287,296.85714285714283,236.2212599610397
105,2022-04-16,125,301.95128287813145,1.4156102630250516,267.14285714285717,237.72155710418932
106,2022-04-17,82,247.46130052244223,2.017820738078564,264.14285714285717,224.17951992896977
107,2022-04-18,59,253.8939450165346,3.3032872036700778,227.42857142857142,221.36664210138295
108,2022-04-19,270,279.6328217156349,0.03567711746531451,222.42857142857142,220.33912723630314
109,2022-04-20,607,308.14742984624723,0.49234360816104245,233.14285714285714,211.72366208592854
110,2022-04-21,262,311.56216967663914,0.1891685865520578,228.85714285714286,208.58482315921162
111,2022-04-22,90,211.87944664031608,1.3542160737812898,213.57142857142858,211.17240137975375
112,2022-04-23,0,131.8833992094862,1.0,195.71428571428572,223.55435658157882
113,2022-04-24,443,202.3231225296444,0.5432886624612994,247.28571428571428,216.87169847442067
114,2022-04-25,116,187.4377470355729,0.6158426468583871,255.42857142857142,218.95937251303465
115,2022-04-26,487,323.01778656126476,0.33671912410417915,286.42857142857144,215.33638802782303
116,2022-04-27,288,349.495059288536,0.21352451141852788,240.85714285714286,213.03469288186494
117,2022-04-28,222,309.9456521739148,0.3961515863689857,235.14285714285714,195.2875606123086
118,2022-04-29,91,246.6600790513839,1.7105503192459768,235.28571428571428,193.54543685976498
119,2022-04-30,315,261.2845849802379,0.17052512704686373,280.2857142857143,185.99756151568457
120,2022-05-01,-13,41.81512648504387,4.216548191157221,215.14285714285714,197.8294276431683
121,2022-05-02,30,62.022106060590716,1.0674035353530238,202.85714285714286,202.7503883915476
122,2022-05-03,220,111.1979861764188,0.4945546082890055,164.71428571428572,201.6206955784894
123,2022-05-04,231,141.29142890929973,0.3883487926004341,156.57142857142858,197.92081800947105
124,2022-05-05,341,159.56196559968237,0.5320763472150077,173.57142857142858,184.49530117895205
125,2022-05-06,169,161.92854945475148,0.04184290263460665,184.71428571428572,180.63598177066513
126,2022-05-07,133,166.02100414510383,0.24827822665491603,158.71428571428572,179.5383958207763
127,2022-05-08,272,191.93966009888015,0.29433948493058765,199.42857142857142,177.94010005150434
128,2022-05-09,43,199.79965253176806,3.64650354725042,201.28571428571428,179.287798915432
129,2022-05-10,187,229.01268406906598,0.2246667597276256,196.57142857142858,176.30474616509963
130,2022-05-11,195,234.50698633027002,0.20259992989882064,191.42857142857142,175.34885695008006
131,2022-05-12,160,190.67836279799945,0.1917397674874966,165.57142857142858,151.5557135967294
132,2022-05-13,169,187.116606960614,0.10719885775511247,165.57142857142858,148.9332259542187
133,2022-05-14,102,192.37910949720106,0.8860697009529516,161.14285714285714,148.50171452938383
134,2022-05-15,130,209.48697392690423,0.6114382609761864,140.85714285714286,142.6056574622778
135,2022-05-16,87,182.19978979269183,1.0942504573872625,147.14285714285714,134.7261110903159
136,2022-05-17,91,183.1552805751124,1.0126953909353011,133.42857142857142,135.50602122950897
137,2022-05-18,61,156.25107957107974,1.5614931077226186,114.28571428571429,119.06401975657447
138,2022-05-19,13,137.30377111995216,9.561828547688627,93.28571428571429,115.34043688927632
139,2022-05-20,6,121.29182514891866,19.215304191486442,70.0,115.16043139112553
140,2022-05-21,161,139.34499018656302,0.1345031665430868,78.42857142857143,111.65685676422228
141,2022-05-22,124,35.93379446640334,0.7102113349483602,77.57142857142857,105.88425621930594
142,2022-05-23,144,77.63636363636377,0.46085858585858497,85.71428571428571,98.27796569022307
143,2022-05-24,162,125.8290513834001,0.2232774605962957,95.85714285714286,92.83660026550083
144,2022-05-25,197,163.92885375494052,0.16787383880740853,115.28571428571429,92.11682308231276
145,2022-05-26,46,142.06422924901193,2.088352809761129,120.0,94.33136929470318
146,2022-05-27,194,157.8735177865609,0.18621898048164479,146.85714285714286,86.59234413108246
147,2022-05-28,163,173.23616600790626,0.06279856446568259,147.14285714285714,86.81104586976417
148,2022-05-29,118,174.13735177865675,0.47574026931065044,146.28571428571428,87.28528797251847
149,2022-05-30,20,122.9752964426878,5.148764822134391,128.57142857142858,88.17107811295324
150,2022-05-31,91,127.21640316205583,0.3979824523302838,118.42857142857143,84.09716851138695
151,2022-06-01,240,243.4388748863398,0.014328645359749122,124.57142857142857,86.56135199579
152,2022-06-02,258,236.92417681903208,0.08168923713553455,154.85714285714286,88.933279304253
153,2022-06-03,211,218.67942919204134,0.03639539901441393,157.28571428571428,90.74210914452601
154,2022-06-04,379,234.97459497407235,0.380014261282131,188.14285714285714,103.66230692121366
155,2022-06-05,168,214.7052748023048,0.2780075881089572,195.28571428571428,103.52018712456227
156,2022-06-06,128,192.3025753549512,0.5023638699605562,210.71428571428572,103.08317322499195
157,2022-06-07,210,185.10994442914284,0.11852407414693884,227.71428571428572,102.40504292739503
158,2022-06-08,301,189.517653642646,0.37037324371213953,236.42857142857142,105.6131220400252
159,2022-06-09,280,197.97409598181315,0.2929496572078102,239.57142857142858,106.61153611849738
160,2022-06-10,221,209.03923290825173,0.05412111806220935,241.0,102.32246896011317
161,2022-06-11,258,229.45811023877357,0.11062747969467608,223.71428571428572,97.7807922799883
162,2022-06-12,318,240.92568746674186,0.2423720519913778,245.14285714285714,102.46438420322269
163,2022-06-13,100,223.74396823659674,1.2374396823659675,241.14285714285714,97.9419845487336
164,2022-06-14,230,223.05844816801292,0.030180660139074278,244.0,94.93153107241731
165,2022-06-15,477,254.94814050718713,0.4655175251421653,269.14285714285717,111.51359553566085
166,2022-06-16,323,257.914415443878,0.20150335775889164,275.2857142857143,114.4942941255281
167,2022-06-17,477,288.87735215158966,0.39438710240756886,311.85714285714283,123.17293514811074
168,2022-06-18,423,297.68025720486514,0.296264167364385,335.42857142857144,130.4710188292406
169,2022-06-19,338,294.71467248943713,0.1280630991436771,338.2857142857143,131.7987524377169
170,2022-06-20,166,273.91492685960804,0.6500899208410124,347.7142857142857,129.39503165226867
171,2022-06-21,349,286.57447478184235,0.1788696997654947,364.7142857142857,120.60939516318665
172,2022-06-22,7,245.75395256917002,34.10770750988143,297.57142857142856,122.83509616140343
173,2022-06-23,889,452.1857707509886,0.49135458858156517,378.42857142857144,187.9487180411185
174,2022-06-24,390,448.1778656126486,0.14917401439140665,366.0,192.4063453577197
175,2022-06-25,403,451.0750988142293,0.1192930491668221,363.14285714285717,195.95703555850187
176,2022-06-26,207,361.9812252964425,0.7487015714803986,344.42857142857144,194.82098234770316
177,2022-06-27,122,275.62648221343954,1.259233460765898,338.14285714285717,195.41011327908768
178,2022-06-28,292,270.49407114624466,0.07365044127998403,330.0,191.43978327170112
179,2022-06-29,487,329.774703557312,0.32284455121701844,398.57142857142856,193.75784665189792
180,2022-06-30,596,407.7272727272739,0.3158938377059163,356.7142857142857,202.92818182110955
181,2022-07-01,431,383.9888600063609,0.10907457075090284,362.57142857142856,202.83797676998503
182,2022-07-02,513,440.71796603388856,0.1409006510060652,378.2857142857143,205.35557348438692
183,2022-07-03,248,383.6502976396778,0.546977006611604,384.14285714285717,203.8721763254068
184,2022-07-04,146,331.5802429415256,1.271097554394011,387.57142857142856,206.11828991291299
185,2022-07-05,339,340.311416422496,0.0038684850221120796,394.2857142857143,198.4056003750565
186,2022-07-06,463,357.81965387397537,0.2271713739222994,390.85714285714283,196.8005005832094
187,2022-07-07,415,350.18914348701594,0.15617073858550376,365.0,193.86436618461894
188,2022-07-08,407,353.72827358977446,0.13088876267868682,361.57142857142856,192.89982832068512
189,2022-07-09,391,340.3747068286025,0.1294764531237788,344.14285714285717,190.5082282291873
190,2022-07-10,571,353.90214048829944,0.3802064089521901,390.2857142857143,195.06847024464656
191,2022-07-11,71,314.3093503669338,3.4268922586892088,379.57142857142856,203.77371404082123
192,2022-07-12,239,318.70369489494914,0.333488263158783,365.2857142857143,200.64626184323097
193,2022-07-13,401,326.89894188554547,0.18479066861459983,356.42857142857144,200.35632148261553
194,2022-07-14,560,395.9081489989395,0.29302116250189375,377.14285714285717,188.51299667586846
195,2022-07-15,302,339.4107435200443,0.12387663417233219,362.14285714285717,151.01376314587364
196,2022-07-16,460,351.9157414286662,0.23496577950289957,372.0,151.4537726193188
197,2022-07-17,113,320.01189403819797,1.8319636640548493,306.57142857142856,158.35484027809136
198,2022-07-18,112,306.76516260816277,1.7389746661443104,312.42857142857144,163.6310525246144
199,2022-07-19,228,318.97475433239515,0.3990120804052419,310.85714285714283,157.83653043540332
200,2022-07-20,289,335.0226759960983,0.1592480138273298,294.85714285714283,156.93572868306387
201,2022-07-21,362,347.7773286942389,0.039289147253483654,266.57142857142856,154.16851948809895
202,2022-07-22,347,275.2065217391303,0.20689763187570512,273.0,144.84741025297444
203,2022-07-23,239,251.9001976284588,0.053975722294806745,241.42857142857142,145.85546705238548
204,2022-07-24,174,196.64031620553246,0.13011675980191068,250.14285714285714,144.89980193239688
205,2022-07-25,76,144.5741106719366,0.9022909298939027,245.0,156.43452335030022
206,2022-07-26,115,137.3478260869561,0.19432892249527048,228.85714285714286,161.9063909133464
207,2022-07-27,252,169.93577075098824,0.32565170336909427,223.57142857142858,164.31395609316823
208,2022-07-28,256,188.44268774703613,0.2638957509881401,208.42857142857142,161.6953859431783
209,2022-07-29,188,185.07905138339947,0.015536960726598544,185.71428571428572,161.6887901008318
210,2022-07-30,190,183.81225296442858,0.03256708966090221,178.71428571428572,160.92132067332903
211,2022-07-31,97,152.29446640316138,0.5700460453934163,167.71428571428572,164.199677201299
212,2022-08-01,50,65.27760540463157,0.30555210809263145,164.0,159.99191246632662
213,2022-08-02,225,169.75252141564417,0.2455443492638037,179.71428571428572,155.11099498502864
214,2022-08-03,246,209.26364772610765,0.14933476534102583,178.85714285714286,154.32908794974782
215,2022-08-04,235,222.43840796185512,0.053453583141042045,175.85714285714286,149.34393234123976
216,2022-08-05,461,251.15454617438792,0.4551962122030631,214.85714285714286,136.40953299586008
217,2022-08-06,350,268.9058950694822,0.2316974426586223,237.71428571428572,136.1620757820497
218,2022-08-07,104,242.60013487271658,1.3326936045453517,238.71428571428572,126.56702351468888
219,2022-08-08,182,252.211049398064,0.38577499669265936,257.57142857142856,122.92338119931642
220,2022-08-09,212,267.78880884721707,0.2631547587132881,255.71428571428572,119.73305196617365
221,2022-08-10,486,305.190205151603,0.37203661491439716,290.0,132.11579007100138
222,2022-08-11,232,301.5359579116322,0.299723956515656,289.57142857142856,130.2862573177427
223,2022-08-12,136,270.8964610908824,0.9918857433153117,243.14285714285714,125.34321905630557
224,2022-08-13,202,248.8568090691775,0.23196440133256188,222.0,121.65899761737069
225,2022-08-14,64,217.75049750363982,2.402351523494372,216.28571428571428,125.25933042375688
226,2022-08-15,40,191.30561435200394,3.7826403588000987,196.0,130.2501749576343
227,2022-08-16,100,184.01728985415346,0.8401728985415347,180.0,128.7032690366332
228,2022-08-17,90,174.08549411921604,0.9342832679912892,123.42857142857143,129.1048401640665
229,2022-08-18,100,158.1337257283801,0.5813372572838011,104.57142857142857,131.27602629890566
230,2022-08-19,37,135.539881659586,2.6632400448536755,90.42857142857143,136.67861270967637
231,2022-08-20,123,125.62095382727136,0.021308567701393208,79.14285714285714,138.37267557736698
232,2022-08-21,45,97.69628523406021,1.1710285607568935,76.42857142857143,143.56096262310288
233,2022-08-22,34,-12.400197628458471,1.364711694954661,75.57142857142857,151.38312671305076
234,2022-08-23,204,62.6442687747039,0.6929202511043926,90.42857142857143,148.17353342650782
235,2022-08-24,243,130.87549407114733,0.4614177198718217,112.28571428571429,148.70971911446813
236,2022-08-25,391,240.73913043478262,0.38429889914377846,153.85714285714286,154.4254250202017
237,2022-08-26,421,346.1640316205537,0.17775764460676077,208.71428571428572,164.56262812649183
238,2022-08-27,407,399.1452569169944,0.019299123054067783,249.28571428571428,166.58335360430144
239,2022-08-28,162,357.4881422924923,1.2067169277314338,266.0,167.35595596881515
240,2022-08-29,27,297.32707509881413,10.01211389254867,265.0,171.7464924311037
241,2022-08-30,163,286.41205533596883,0.7571291738402995,259.14285714285717,172.78750644179783
242,2022-08-31,313,323.6768774703577,0.03411142961775617,269.14285714285717,175.61918637556764
243,2022-09-01,202,211.01551358335772,0.04463125536315701,242.14285714285714,163.97554530309003
244,2022-09-02,500,313.0208861322416,0.37395822773551674,253.42857142857142,175.1490014557759
245,2022-09-03,0,211.9209188159506,1.0,195.28571428571428,179.33163538773104
246,2022-09-04,0,153.32879808561077,1.0,172.14285714285714,184.20065458462136
247,2022-09-05,567,200.5474256276229,0.6463008366355857,249.28571428571428,196.85908899447736
248,2022-09-06,180,190.23598379015027,0.056866576611945954,251.71428571428572,193.6481470761268
249,2022-09-07,0,160.6374647453241,1.0,207.0,197.4360022245062
250,2022-09-08,546,194.85796999001957,0.6431172710805503,256.14285714285717,208.59479495534168
251,2022-09-09,143,188.5518330209674,0.3185442868599118,205.14285714285714,207.508289846196
252,2022-09-10,0,175.10594214713183,1.0,205.14285714285714,208.56189052257048
253,2022-09-11,0,152.79352421175506,1.0,205.14285714285714,212.15410442124298
254,2022-09-12,453,206.73810034651584,0.5436245025463227,188.85714285714286,213.60606715853277
255,2022-09-13,123,215.55824077842976,0.7525060225888599,180.71428571428572,204.58145319021756
256,2022-09-14,131,206.9293522400032,0.579613375877887,199.42857142857142,202.63139825343433
257,2022-09-15,79,188.37568484231315,1.3845023397761158,132.71428571428572,204.57289338380934
258,2022-09-16,111,164.83876790498198,0.48503394508992775,128.14285714285714,203.7699898640011
259,2022-09-17,0,128.75469289468936,1.0,128.14285714285714,203.49995691851012
260,2022-09-18,0,97.82732494405951,1.0,128.14285714285714,199.92434906356652
261,2022-09-19,191,105.96473938269781,0.44521078857226276,90.71428571428571,196.10675647568922
262,2022-09-20,75,115.09947180147952,0.534659624019727,83.85714285714286,192.9784933082207
263,2022-09-21,93,124.86764799719248,0.34266288169024167,78.42857142857143,192.59631444163483
264,2022-09-22,66,58.04051383399198,0.12059827524254575,76.57142857142857,190.10804682246288
265,2022-09-23,56,59.97332015810295,0.07095214568040983,68.71428571428571,192.1152158400311
266,2022-09-24,0,6.151185770750601,1.0,68.71428571428571,179.24228731479647
267,2022-09-25,0,13.168972332015642,1.0,68.71428571428571,180.01500618550847
268,2022-09-26,165,90.66600790513814,0.4505090429991628,65.0,177.7638215009953
269,2022-09-27,57,57.60770750988112,0.010661535261072342,62.42857142857143,152.75519896523411
270,2022-09-28,78,68.8557312252974,0.11723421506028969,60.285714285714285,152.04991421569792
271,2022-09-29,92,108.33201581027754,0.1775219109812776,64.0,149.46079423336298
272,2022-09-30,124,90.38438735177903,0.27109365038887884,73.71428571428571,117.34769096831053
273,2022-10-01,0,41.99369394565121,1.0,73.71428571428571,118.33456101075136
274,2022-10-02,0,39.42069456272456,1.0,73.71428571428571,117.22587677127387
275,2022-10-03,187,91.6462354078389,0.5099131796372252,76.85714285714286,115.61933082709487
276,2022-10-04,72,68.42388570120352,0.04966825414995116,79.0,84.3144960997846
277,2022-10-05,90,69.67680549377893,0.22581327229134524,80.71428571428571,78.70929391106257
278,2022-10-06,138,73.94325934591826,0.46417928010204157,87.28571428571429,73.79069342842604
279,2022-10-07,138,80.01744523712621,0.42016344031067965,89.28571428571429,70.89855623407715
280,2022-10-08,0,68.13994717200357,1.0,89.28571428571429,69.97089646525501
281,2022-10-09,0,67.00040939856498,1.0,89.28571428571429,68.99526119013646
282,2022-10-10,177,88.74881297313843,0.49859427698791847,87.85714285714286,70.75794416322202
283,2022-10-11,82,76.77344746986796,0.06373844548941511,89.28571428571429,65.80875903527357
284,2022-10-12,0,66.3192540090909,1.0,76.42857142857143,66.94424337228195
285,2022-10-13,149,75.2392869249185,0.49503834278578185,78.0,68.11276560946376
286,2022-10-14,98,79.6238689571418,0.18751154125365516,72.28571428571429,68.32231223551668
287,2022-10-15,0,71.0031122874789,1.0,72.28571428571429,69.70623248138233
288,2022-10-16,0,68.16709462465819,1.0,72.28571428571429,68.16441934871673
289,2022-10-17,319,105.07981402134533,0.6705961942904535,92.57142857142857,83.48203362858365
290,2022-10-18,108,102.2718421845126,0.053038498291550065,96.28571428571429,81.60947587399436
291,2022-10-19,122,107.79840663199533,0.11640650301643168,113.71428571428571,81.92319549512352
292,2022-10-20,97,110.07565325834582,0.13480054905511157,106.28571428571429,82.00099503202568
293,2022-10-21,78,111.0761396157507,0.4240530719968039,103.42857142857143,81.98873375146968
294,2022-10-22,0,71.91600790513843,1.0,103.42857142857143,83.22681781243031
295,2022-10-23,0,49.53952569169943,1.0,103.42857142857143,83.06778806775507
296,2022-10-24,168,93.93280632411089,0.4408761528326733,81.85714285714286,82.75654135546442
297,2022-10-25,116,93.86857707509868,0.19078812866294237,83.0,79.99151529974614
298,2022-10-26,149,114.82015810276678,0.2293949120619679,86.85714285714286,81.22374396981985
299,2022-10-27,264,169.84980237154122,0.3566295364714348,110.71428571428571,90.82542125761452
300,2022-10-28,192,183.22826086956584,0.04568614130434456,127.0,94.2521196583655
301,2022-10-29,0,123.34881422924857,1.0,127.0,95.9714951065252
302,2022-10-30,0,86.89328063241149,1.0,127.0,95.80435297099116
303,2022-10-31,525,240.9219367588949,0.5411010728402001,178.0,132.85039784800122
304,2022-11-01,256,256.5916737122514,0.0023112254384820563,198.0,138.5729695247019
305,2022-11-02,0,136.52572123814411,1.0,176.71428571428572,140.20362206349895
306,2022-11-03,335,185.6794646310366,0.4457329413998907,186.85714285714286,145.50525823237635
307,2022-11-04,217,175.22006955175783,0.19253424169696853,190.42857142857142,146.43283177999737
308,2022-11-05,0,136.96429337593975,1.0,190.42857142857142,148.26007748469323
309,2022-11-06,0,115.16236248246457,1.0,190.42857142857142,147.706310314396
310,2022-11-07,279,129.99124045106734,0.5340815754442031,155.28571428571428,147.70025131335387
311,2022-11-08,373,127.39509030144599,0.6584582029451851,172.0,150.9969445481981
312,2022-11-09,243,130.47841191924175,0.4630518028014743,206.71428571428572,152.39354522229746
313,2022-11-10,296,142.14895558279446,0.5197670419500188,201.14285714285714,155.84854173475173
314,2022-11-11,290,160.3878379857246,0.446938489704398,211.57142857142858,158.5407360255669
315,2022-11-12,0,142.37049913122001,1.0,211.57142857142858,160.3708540158802
316,2022-11-13,0,134.36627531847603,1.0,211.57142857142858,159.21300637982162
317,2022-11-14,0,127.56875146632822,1.0,171.71428571428572,157.4260775633804
318,2022-11-15,0,106.35125727395481,1.0,118.42857142857143,160.1828872966628
319,2022-11-16,762,196.19078289017338,0.7425317809840244,192.57142857142858,205.97378721189958
320,2022-11-17,774,273.5692566317215,0.6465513480210316,260.85714285714283,244.3684921172145
321,2022-11-18,377,285.39966581297494,0.24297170871889934,273.2857142857143,247.84112165740785
322,2022-11-19,0,257.6634002074566,1.0,273.2857142857143,250.28180500232335
323,2022-11-20,0,250.62186228179564,1.0,273.2857142857143,249.63658041471803
324,2022-11-21,764,360.83008511261573,0.5277093126798224,382.42857142857144,276.07512715162386
325,2022-11-22,57,324.39031620553357,4.6910581790444486,390.57142857142856,268.560263315589
326,2022-11-23,236,288.306324110672,0.22163696657064405,315.42857142857144,268.60874747950294
327,2022-11-24,348,323.7509881422926,0.06968106855663042,254.57142857142858,267.22798285407504
328,2022-11-25,486,364.23023715415,0.25055506758405344,270.14285714285717,273.349033175929
329,2022-11-26,0,234.93181818181748,1.0,270.14285714285717,276.5347016185362
330,2022-11-27,0,152.11561264822245,1.0,270.14285714285717,276.29629419757913
331,2022-11-28,564,288.7984189723321,0.4879460656518934,241.57142857142858,281.07599617197457
332,2022-11-29,333,299.7875494071141,0.09973708886752518,281.0,280.3741792953233
333,2022-11-30,252,265.4486166007911,0.05336752619361558,283.2857142857143,277.1727113336383
334,2022-12-01,0,-19.529772736851356,1.0,233.57142857142858,286.26636266606295
335,2022-12-02,776,312.5504058760479,0.5972288584071548,275.0,307.86974121609035
336,2022-12-03,0,223.91112095375536,1.0,275.0,310.98955352960246
337,2022-12-04,0,200.91938712041892,1.0,275.0,310.2290186743184
338,2022-12-05,0,196.53572629639282,1.0,194.42857142857142,309.36283375180335
339,2022-12-06,857,301.44917734305125,0.6482506682111421,269.2857142857143,330.0428561505538
340,2022-12-07,296,341.735669090329,0.1545123955754358,275.57142857142856,322.95249233797455
341,2022-12-08,0,283.6303781608103,1.0,275.57142857142856,309.23041350943146
342,2022-12-09,0,207.06928101313852,1.0,164.71428571428572,294.9485896615699
343,2022-12-10,0,161.37118426126102,1.0,164.71428571428572,299.18447920034873
344,2022-12-11,0,158.68707397351585,1.0,164.71428571428572,299.4503466679695
345,2022-12-12,848,278.5141427339779,0.6715635109269128,285.85714285714283,320.950536878465
346,2022-12-13,491,259.4425640052882,0.47160373929676536,233.57142857142858,305.22172987940604
347,2022-12-14,393,303.42903237462406,0.2279159481561729,247.42857142857142,303.9406721314748
348,2022-12-15,545,346.5738244115859,0.36408472585030105,325.2857142857143,310.82333648398316
349,2022-12-16,616,383.13234376149205,0.37803190947809734,413.2857142857143,320.3175218545349
350,2022-12-17,0,327.3233726252262,1.0,413.2857142857143,320.55094529939976
351,2022-12-18,0,310.18004590323227,1.0,413.2857142857143,320.563182202042
352,2022-12-19,1079,415.37868157271294,0.615033659339469,446.2857142857143,360.429116792471
353,2022-12-20,516,414.3781527353491,0.19694156446637773,449.85714285714283,359.2947683955033
354,2022-12-21,812,467.15954071960624,0.4246803685719135,509.7142857142857,377.9720097339649
355,2022-12-22,660,728.8922924901184,0.10438226134866423,526.1428571428571,394.03589278451943
356,2022-12-23,669,782.8053359683801,0.17011260981820636,533.7142857142857,396.0024723864783
357,2022-12-24,0,499.5009881422908,1.0,533.7142857142857,392.53068556808086
358,2022-12-25,0,327.49110671936705,1.0,533.7142857142857,391.5936880597701
359,2022-12-26,355,315.65415019762787,0.11083337972499191,430.2857142857143,382.91151928377514
360,2022-12-27,666,427.1541501976287,0.3586274021056626,451.7142857142857,378.73111176322953
361,2022-12-28,589,394.7885375494043,0.32973083607910986,419.85714285714283,366.5912994034971
362,2022-12-29,592,406.71146245059276,0.3129873945091338,410.14285714285717,369.0892215736621
363,2022-12-30,398,384.3389328063248,0.03432428943134471,371.42857142857144,359.3874910595988
364,2022-12-31,0,244.74604743082728,1.0,371.42857142857144,358.4637832366792
